Year,Development_Status,"Population, total","Population, female","Population, male","Birth rate, crude (per 1,000 people)","Death rate, crude (per 1,000 people)",GDP (current US$),"Unemployment, total (% of total labor force) (modeled ILO estimate)",Urban population (% of total population),Exports of goods and services (% of GDP),Imports of goods and services (% of GDP),GDP growth (annual %),Urban population growth (annual %),"Fertility rate, total (births per woman)",Employment in agriculture (% of total employment) (modeled ILO estimate),Employment in industry (% of total employment) (modeled ILO estimate),Employment in services (% of total employment) (modeled ILO estimate)
1980,0,65672428.875,33640698.375,32031730.5,14.1875,8.6375,751609538696.8179,5.993120833333333,80.77199999999999,43.33484073587864,44.42130820709995,2.064134189947925,0.8684172732251794,1.7413125,2.5203083480048067,24.378594739791243,73.10109789594699
1980,1,146822177.70588234,72496203.76470588,74325973.94117647,33.72588235294118,11.269705882352941,157404469351.5917,6.061372549019608,39.07652941176471,20.890023440604704,25.826805079105565,5.423904066318929,4.03039596862589,4.7620000000000005,37.207885263279216,19.578907393049366,43.21320585754378
1980,2,15156126.333333334,7673781.0,7482345.333333333,42.576,13.524000000000001,2820492498.9221277,2.351977777777778,18.747333333333334,32.09047518809874,38.50217503166369,5.563605275014113,20.764048443766285,5.738666666666667,61.8592829281177,12.87619290785122,25.264525022202022
1981,0,66158289.75,33875034.375,32283255.375,13.975,8.6,794526260851.4237,5.993120833333333,80.883375,43.17648692961609,43.64510157778062,2.921223610837389,1.3259652968799271,1.707125,2.5203083480048067,24.378594739791243,73.10109789594699
1981,1,149463382.70588234,73794089.76470588,75669292.94117647,33.48241176470589,11.026823529411764,164117205097.96555,6.061372549019608,39.65352941176471,19.97473238988515,25.77315086864896,5.185913096339177,3.6580141316956656,4.679764705882353,37.207885263279216,19.578907393049366,43.21320585754378
1981,2,15547304.333333334,7851495.0,7695809.333333333,42.88166666666667,13.203999999999999,3312509405.9018216,2.351977777777778,19.873,30.776420061918575,38.29630614987419,6.30742385364799,12.46664401264335,5.759666666666667,61.8592829281177,12.87619290785122,25.264525022202022
1982,0,66607059.0,34090785.75,32516273.25,13.9,8.575,797731120025.6499,5.993120833333333,80.955,41.113717405262435,41.23372803586184,1.778784027096792,1.1891266289469857,1.6970625,2.5203083480048067,24.378594739791243,73.10109789594699
1982,1,152308326.11764705,75190949.52941176,77117376.58823529,33.364588235294114,10.937470588235294,160943070844.30664,6.061372549019608,40.183882352941175,19.364635328518382,24.471535184219167,3.2363149012233374,3.4300879420012778,4.6320588235294125,37.207885263279216,19.578907393049366,43.21320585754378
1982,2,15905297.666666666,8028219.333333333,7877078.333333333,43.05833333333334,12.957333333333333,3628794069.2108994,2.351977777777778,20.151,29.943204691101176,37.06773660056659,2.746057857372397,4.38362044595107,5.7476666666666665,61.8592829281177,12.87619290785122,25.264525022202022
1983,0,67014426.375,34280281.0,32734145.375,13.5875,8.625,845659087088.6346,5.993120833333333,81.01112499999999,38.54175938385306,38.26014337607272,3.1944305536891315,0.6945704458366786,1.661625,2.5203083480048067,24.378594739791243,73.10109789594699
1983,1,155218421.7647059,76618893.05882353,78599528.70588236,32.9305294117647,11.204294117647057,156694045265.4129,6.061372549019608,40.685764705882356,19.948883542318406,24.46269809395765,3.5930591692978577,3.5597521527973743,4.532764705882353,37.207885263279216,19.578907393049366,43.21320585754378
1983,2,16299107.333333334,8224114.666666667,8074992.666666667,42.965666666666664,12.692666666666668,3361643959.1171184,2.351977777777778,20.478666666666665,29.782319529521377,36.15247722665739,3.4699348174767635,4.830097031795163,5.719,61.8592829281177,12.87619290785122,25.264525022202022
1984,0,67402380.125,34459424.625,32942955.5,13.5,8.525,900194293691.2504,5.993120833333333,81.047375,38.18005058242392,38.0844330108232,5.045416329313921,0.7097366652261817,1.6483125,2.5203083480048067,24.378594739791243,73.10109789594699
1984,1,158128348.88235295,78048576.05882353,80079772.8235294,32.49305882352941,11.291235294117646,159910906674.30234,6.061372549019608,41.19035294117647,19.993926546868735,23.890791430180457,4.129601097899035,3.8029228080192676,4.449470588235294,37.207885263279216,19.578907393049366,43.21320585754378
1984,2,16711972.666666666,8431775.666666666,8280197.0,42.34733333333333,12.330333333333334,2892455070.55821,2.351977777777778,20.858,31.155057400973647,36.59616609421106,2.652482392214423,4.97992592111739,5.640000000000001,61.8592829281177,12.87619290785122,25.264525022202022
1985,0,67809527.125,34651478.75,33158048.375,13.65,8.6,952367609901.918,5.993120833333333,81.07425,37.896262886933144,37.751333863154194,3.668906431565068,0.5253356618142667,1.677125,2.5203083480048067,24.378594739791243,73.10109789594699
1985,1,161096634.5882353,79508247.52941176,81588387.05882353,32.12170588235294,10.996882352941176,136235814452.50446,6.061372549019608,41.6334705882353,19.889276612475353,23.915581912480878,3.3738355250402936,3.7616777688451,4.360941176470588,37.207885263279216,19.578907393049366,43.21320585754378
1985,2,17117807.666666668,8636171.0,8481636.666666666,41.29266666666667,11.986666666666666,2739612219.2353597,2.351977777777778,21.242,31.703269492068046,36.997134429740825,4.821857348785233,4.803262204373996,5.501666666666666,61.8592829281177,12.87619290785122,25.264525022202022
1986,0,68248670.875,34857739.0,33390931.875,13.2875,8.6125,1127385435208.8167,5.993120833333333,81.1185,35.889473474826765,35.85172227431938,3.0448011059238826,0.5834081371484999,1.6525625,2.5203083480048067,24.378594739791243,73.10109789594699
1986,1,164136205.52941176,81001505.0,83134700.52941176,31.804941176470585,10.385411764705882,136237263202.65248,6.061372549019608,42.075941176470586,18.50689243027357,22.733928129147902,3.99886478128289,3.5626253393805047,4.2867058823529405,37.207885263279216,19.578907393049366,43.21320585754378
1986,2,17527716.333333332,8841959.333333334,8685757.0,40.11666666666667,11.696333333333333,2989342589.38726,2.351977777777778,21.633,32.31781476840931,36.834814607443725,1.6141661254827364,4.911390430415193,5.337,61.8592829281177,12.87619290785122,25.264525022202022
1987,0,68701532.25,35064065.875,33637466.375,13.6375,8.55,1279598876882.4028,5.993120833333333,81.18625,37.46125613499934,37.04727218468381,4.098863406256274,0.8664300269135966,1.680875,2.5203083480048067,24.378594739791243,73.10109789594699
1987,1,167277684.82352942,82540878.0,84736806.8235294,31.422411764705885,9.767235294117647,140278234200.1885,6.061372549019608,42.51682352941176,19.692233028987772,22.40337851522567,5.4337900116073286,3.511829530570492,4.211941176470588,37.207885263279216,19.578907393049366,43.21320585754378
1987,2,17938069.333333332,9049264.333333334,8888805.0,38.98166666666666,11.235999999999999,3113546029.0356297,2.351977777777778,22.030666666666665,32.306581409081446,36.75279564008339,6.225541561096236,4.951086085926197,5.163333333333333,61.8592829281177,12.87619290785122,25.264525022202022
1988,0,69181185.125,35301951.875,33879233.25,14.0875,8.65,1445638147157.5093,5.993120833333333,81.246875,40.17546595541481,38.97793169362696,5.247933663252839,1.011965439031616,1.738125,2.5203083480048067,24.378594739791243,73.10109789594699
1988,1,170474316.47058824,84103875.58823529,86370440.88235295,30.83394117647059,9.472764705882353,149662459799.22305,6.061372549019608,42.95876470588235,21.037569430848823,24.749729582094748,5.504739574086895,3.5794898093319927,4.110117647058823,37.207885263279216,19.578907393049366,43.21320585754378
1988,2,18332011.666666668,9250534.666666666,9081477.0,37.609,11.044333333333332,3672916757.159167,2.351977777777778,22.43433333333333,32.21479332140648,36.44783487349609,2.7256146391329534,4.711565301707274,4.981,61.8592829281177,12.87619290785122,25.264525022202022
1989,0,69733835.75,35581860.625,34151975.125,13.837499999999999,8.6625,1511484781900.621,5.993120833333333,81.28375,39.82791490244358,38.730537305349074,4.01735860995503,1.1549132033110332,1.7215,2.5203083480048067,24.378594739791243,73.10109789594699
1989,1,173658050.0,85658966.52941176,87999083.47058824,30.217823529411763,9.279470588235295,158509268142.8585,6.061372549019608,43.36082352941177,21.824930214556993,25.145147334360757,5.387210994214182,3.457418161006866,4.015823529411765,37.207885263279216,19.578907393049366,43.21320585754378
1989,2,18717629.666666668,9444806.0,9272823.666666666,36.35633333333333,10.893,3884302858.8042636,2.351977777777778,22.843333333333334,32.08210560900204,36.90125363595195,4.124815683803753,4.5722760737948835,4.813666666666667,61.8592829281177,12.87619290785122,25.264525022202022
1990,0,70340744.0,35863729.875,34477014.125,14.1125,8.625,1637780571970.3267,5.993120833333333,81.344375,39.897422137450015,38.459659503574365,3.4971477957663133,1.288064956141761,1.766625,2.5203083480048067,24.378594739791243,73.10109789594699
1990,1,176792818.5882353,87185166.29411764,89607652.29411764,29.600941176470588,9.17064705882353,169248225750.55765,6.061372549019608,43.75341176470588,23.098887369416193,25.70860594642292,3.9351275397412517,3.3182506055900216,3.921235294117647,37.207885263279216,19.578907393049366,43.21320585754378
1990,2,19109761.333333332,9639543.0,9470218.333333334,35.68233333333333,10.827333333333334,4100517129.9358864,2.351977777777778,23.259,31.923626445486946,37.25863591075006,3.65593268482397,4.6232853988507765,4.6866666666666665,61.8592829281177,12.87619290785122,25.264525022202022
1991,0,70999328.75,36171457.25,34827871.5,13.65,8.5125,1743491777304.8887,6.73825,81.431125,39.00664496629699,36.61213576735665,1.6366808028585393,1.1639362789090746,1.7151874999999999,3.839580787004155,29.7706922183084,66.38973567547876
1991,1,179896637.52941176,88696866.29411764,91199771.23529412,28.909294117647057,9.015705882352941,165031758793.1174,5.45264705882353,44.08635294117647,22.685754077104615,24.839802922475965,2.6796537147705877,3.1265938574115624,3.7881764705882355,46.09978993388545,18.39770333334588,35.502506065021876
1991,2,19495273.333333332,9830908.333333334,9664365.0,35.08433333333333,10.851666666666667,4255429492.1149697,2.142,23.681,32.262500910510745,38.71719353925793,4.157487801246876,4.534425837359623,4.576666666666667,71.20127800685464,8.500765781306987,20.2979562118384
1992,0,71674495.875,36485575.875,35188920.0,13.5375,8.4875,1868384698365.4214,7.475,81.538625,38.21972131131636,35.78240481482058,2.102465273156855,1.1959773815038317,1.713,3.709091667664431,29.399502246659512,66.89139329163001
1992,1,182941074.82352942,90182000.70588236,92759074.11764705,28.15494117647059,8.765235294117648,169920343937.9421,5.382823529411764,44.411,25.59097419324904,27.165885926838214,2.2946641417141973,3.052358951346003,3.678588235294118,46.03251156083303,18.139059791271386,35.82842841984584
1992,2,19922041.666666668,10055401.0,9866640.666666666,34.359,10.966666666666667,3884837027.65043,2.166,24.108666666666664,33.37709896011405,41.82291063766863,2.554303585430851,4.986841770537549,4.4590000000000005,71.04467675485778,8.633190500947931,20.322123349132035
1993,0,72305581.0,36779086.0,35526495.0,13.2625,8.6375,1953843128217.9658,7.938124999999999,81.649625,38.51049202559389,36.23428289964852,2.736786116647073,1.0709950578160725,1.6948124999999998,3.604826525232696,28.93169596358949,67.46348515686778
1993,1,185954532.2352941,91652254.47058824,94302277.76470588,27.495117647058823,8.635470588235293,184508474571.88358,5.554941176470588,44.74835294117647,22.936306331520285,25.635918703043735,3.405653091794152,3.1518268568005348,3.5778823529411765,45.289158046520605,18.191298121761097,36.51951295910926
1993,2,20326366.0,10273606.666666666,10052759.333333334,33.346333333333334,11.126666666666667,4086853642.226007,2.173,24.432,27.74290247081864,36.535460901824145,3.7297465594543566,4.36388319562243,4.314,70.93767401324963,8.862808760999377,20.199517225751
1994,0,72879931.5,37054139.625,35825791.875,13.1125,8.525,2096782944715.3052,7.321125,81.769125,39.90507385536337,36.93737430035068,4.552602884927029,1.1130369342280608,1.6916875,3.5198211531019488,28.495368238173825,67.98481188032247
1994,1,188925125.5882353,93101561.47058824,95823564.11764705,26.941882352941178,8.569647058823529,206552800911.0791,5.929176470588236,45.08929411764706,22.642671030866772,24.886121329700163,4.367990423140406,3.1162311865558614,3.492176470588235,44.76324038488514,18.14237015340546,37.09442265866082
1994,2,20722484.333333332,10483664.0,10238820.333333334,32.330999999999996,11.335666666666668,4704789148.6385765,2.2333333333333334,24.742333333333335,32.28131744183824,39.895782842149316,-6.031827196761263,4.171422247479667,4.171333333333333,70.80427179997059,8.873707226190566,20.322011973883303
1995,0,73439019.125,37319457.625,36119561.5,12.775,8.6375,2296174258369.926,6.73825,81.8875,42.30635586813011,39.34911748347057,3.266772915602644,1.1173929404118166,1.665,3.3656110712934364,28.161139672285714,68.47324813250879
1995,1,191851504.2352941,94530076.29411764,97321427.94117647,26.324823529411763,8.376999999999999,228110406948.19897,6.102176470588235,45.42982352941176,24.267765559824227,26.169834199319205,4.693319710030798,2.765531211353503,3.3998823529411766,43.99389653095905,18.27273114304039,37.73339602309647
1995,2,21199478.0,10735870.333333334,10463607.666666666,31.26533333333333,11.542,5280550445.150214,2.4346666666666668,25.055666666666667,35.29084734184497,43.998248726193445,5.669848675101363,4.800148278060344,4.029333333333333,70.0155205861593,9.140230385919418,20.844249027921233
1996,0,74000193.0,37583213.75,36416979.25,12.6,8.525,2279807508994.607,6.7985,82.00637499999999,42.17933903055745,38.948049382005614,3.3058481310038927,1.2590023551531295,1.659,3.2295662645555034,27.699190158332815,69.07123726815976
1996,1,194756958.82352942,95948927.11764705,98808031.70588236,25.753,8.193764705882353,249465597283.80432,6.091352941176471,45.76764705882353,24.191668294784776,26.83218217168012,5.855293720726351,2.7223000571461955,3.312411764705882,43.11208643919098,18.608130703322367,38.27978318975928
1996,2,21704830.0,10999739.0,10705091.0,30.50333333333333,11.671,6061133012.128627,2.628,25.372666666666664,32.64869883367104,41.40961946574181,7.566972573377473,4.84229316660603,3.9153333333333333,68.98040427809504,9.528503120010713,21.49109432286903
1997,0,74559467.375,37853867.375,36705600.0,12.3375,8.4125,2276712271883.713,6.33425,82.137875,42.04483037370605,39.209871229171284,3.985740874227819,1.1333690523485496,1.642375,3.18097145823323,27.592383207761912,69.22664996799904
1997,1,197661382.94117647,97366021.58823529,100295361.35294117,25.28564705882353,7.983176470588235,263482875532.8534,6.186352941176471,46.11917647058823,25.125585617998258,27.306617700236746,4.640553521534154,2.784543234426011,3.2434705882352937,42.667630352514905,18.603400170915847,38.72896829512746
1997,2,22216535.666666668,11266191.666666666,10950344.0,29.841333333333335,11.706666666666665,5565091161.43927,2.779,25.691999999999997,35.888075040632465,44.80641698976121,4.1129327402486835,4.689210531145626,3.8056666666666668,68.11535376291384,9.89263089462836,21.992015342457766
1998,0,75097815.625,38108173.0,36989642.625,12.0125,8.3625,2294864339156.04,6.123125,82.268125,41.82048358368366,38.53196170728609,2.1753764202650925,1.0855513504417413,1.621375,3.094463241370708,27.294104462242164,69.61143903456758
1998,1,200553391.88235295,98774497.29411764,101778894.58823529,24.71464705882353,7.852470588235294,250421214338.83997,6.435294117647059,46.4814705882353,26.994475669885215,28.437635011154864,1.0697606245994724,2.7878649909844855,3.1724705882352944,42.18398539461536,18.299025241701546,39.516989933754104
1998,2,22636754.333333332,11481869.333333334,11154885.0,29.19066666666667,11.787,5327285113.98828,2.6253333333333333,25.985666666666663,37.0277492113278,44.66467819345761,4.47768568457604,3.6220108536429567,3.686666666666667,67.59514811382253,10.163289810999807,22.241560417004496
1999,0,75618472.625,38347246.375,37271226.25,11.7875,8.3875,2437637139927.0625,6.03025,82.396625,43.33957618301659,40.52897321390481,3.5621624684559645,0.761930583811654,1.6115625,3.007155160304037,26.954156734167036,70.03868764774997
1999,1,203374164.3529412,100149058.41176471,103225105.94117647,24.099588235294117,7.781294117647059,245672992851.12778,6.696294117647059,46.84894117647059,27.183773307506918,27.21614888146511,4.38792924291605,2.7712229994085655,3.0943529411764708,42.10190714815173,18.25618408822391,39.64188408586781
1999,2,22945637.666666668,11637801.666666666,11307836.0,29.04133333333333,12.04,6287362792.71326,2.4933333333333336,26.22,38.1349276047244,43.87951087027474,7.610896695550797,2.34791058557619,3.5853333333333333,67.28291927261593,10.540909803503437,22.1761629818038
2000,0,76148933.5,38596750.25,37552183.25,11.8375,8.2375,2534111030244.8535,5.4385,82.516875,46.66572244959106,44.27051033653314,4.485435106841101,0.8945574616339979,1.634,2.9136889429248622,26.451093369809637,70.63521639344006
2000,1,206079852.11764705,101470422.29411764,104609429.8235294,23.612,7.771,238577138680.51596,6.469411764705883,47.24182352941176,29.485728675961518,28.40759891724193,5.435135117202363,2.633990372092044,3.0391176470588235,41.679041611746136,18.37544968822909,39.94551033218811
2000,2,23215077.333333332,11775975.333333334,11439102.0,28.71366666666667,12.022999999999998,6429730914.302207,2.3816666666666664,26.456333333333333,41.30555723622667,47.16387742403811,6.893440376627506,2.0504611935556034,3.5103333333333335,66.88523715649016,11.070646164019683,22.044122869792364
2001,0,76672488.0,38846304.0,37826184.0,11.3875,8.175,2493266991676.8853,5.51375,82.775625,46.06298412892175,42.77268844018365,1.1662920459597474,1.2299264772401939,1.5961875,2.776162744144772,25.84821934485295,71.37561190303904
2001,1,208724563.11764705,102766766.58823529,105957796.52941176,23.340235294117647,7.695352941176471,245848668062.5897,6.379058823529412,47.65929411764706,28.432509442400335,28.76735160506982,3.230300870948714,2.6645787656986126,2.998294117647059,40.64602380741684,18.400433550633338,40.95356150922072
2001,2,23467174.666666668,11905555.666666666,11561619.0,28.621,12.552666666666667,5800280452.7190275,2.262,26.69366666666667,40.86356825836621,46.007558728358845,6.724441038811009,1.9337287244098367,3.4629999999999996,65.54646836543874,11.922774376494866,22.530770581261933
2002,0,77166932.125,39088064.5,38078867.625,11.225,8.2375,2553474921598.09,6.0815,83.104625,45.778054502063696,42.201000501844184,1.8335615164951313,1.060425216882718,1.5845625,2.615997553140966,25.323258033667436,72.06074315503164
2002,1,211347624.7647059,104058701.70588236,107288923.05882353,22.998823529411766,7.6413529411764705,257482593388.9631,6.306764705882353,48.09688235294117,28.936800086911347,29.658560545711403,5.3876833392052905,2.930385288390869,2.952,40.06904888112487,18.47591435795545,41.4550369243385
2002,2,23725182.333333332,12036702.666666666,11688479.666666666,28.456666666666667,11.65933333333333,5873658846.235207,2.183,26.932,40.82525540952727,47.84830498527964,3.132187535904927,2.0030097888036003,3.408,65.37723904782547,12.0997927112602,22.52296667733837
2003,0,77609535.5,39307202.25,38302333.25,11.125,8.225,2780562167712.801,6.332625,83.420625,47.263542642410094,42.877584346114176,2.104955308829225,0.6935872793069575,1.5881875,2.5180777249640416,25.0093786007355,72.47255237922165
2003,1,213914436.47058824,105326045.29411764,108588391.1764706,22.564117647058822,7.58435294117647,284038848165.8622,6.359529411764706,48.52764705882353,30.785470517014673,30.429143415082194,5.6119322770466775,2.9180974541723734,2.8939411764705882,39.676713768433444,18.553742361253317,41.769539589187914
2003,2,23983494.333333332,12167782.0,11815712.333333334,28.059,11.752666666666665,7080465087.329789,2.111666666666667,26.997,41.025899997543235,49.46434162143728,2.3775344899622346,1.5395461307649567,3.3223333333333334,65.3290980292985,12.187331045573833,22.483570925127736
2004,0,78064147.375,39531416.625,38532730.75,11.0625,8.0375,3049065602899.801,6.1515,83.734875,49.08574922958985,44.939761922113576,3.710892905551376,1.0087205581777925,1.6024375,2.4659049157039226,24.7577331160345,72.77635553930448
2004,1,216420396.94117647,106565643.41176471,109854753.52941176,22.22764705882353,7.539352941176471,332047705471.35986,6.30064705882353,48.964588235294116,33.33357037265094,32.794894837306785,6.257045932717115,2.7334966596411028,2.8464117647058824,38.85790017529544,18.74023836136524,42.401861560844694
2004,2,24226466.333333332,12291896.666666666,11934569.666666666,27.575333333333333,11.332666666666668,7418749872.092807,2.025,27.03633333333333,43.9133910887341,52.19822797769575,5.738272801547133,1.3894774634776603,3.234666666666667,64.85872846611883,12.4582697495072,22.6830091640698
2005,0,78533124.625,39764788.0,38768336.625,11.0375,8.075,3196124582080.9116,5.9715,84.045125,51.57981018446514,47.20162974199404,3.124545240173001,1.166580587941734,1.608,2.4643308762314864,24.186318553689574,73.34934897310299
2005,1,218889935.7647059,107790064.29411764,111099871.47058824,21.866294117647058,7.4479411764705885,394742409839.395,6.304882352941176,49.406294117647064,35.07440529173097,33.44574673856466,7.2531782328038705,2.6737602768233373,2.7932941176470587,38.07422110583194,19.087597895527846,42.83818262304741
2005,2,24453666.333333332,12408644.0,12045022.333333334,27.129333333333335,11.163333333333334,8269494693.9567,2.1206666666666667,27.076666666666668,43.68019380925687,53.166286221592316,7.0537333836625224,1.312730444073755,3.1536666666666666,64.00519962253314,12.647621372883469,23.3471798613707
2006,0,79039747.375,40006171.375,39033576.0,11.2125,8.0125,3333961533615.3564,5.518625,84.32575,53.34479056766354,49.03897878400807,3.5762329532527986,1.269066934815057,1.65575,2.368552986538856,24.117122730553163,73.51432994937167
2006,1,221336719.7647059,109007549.94117647,112329169.8235294,21.50464705882353,7.338235294117647,473867448151.19037,6.138588235294117,49.82694117647059,36.85968605386443,32.68650322143414,7.0868794799680614,2.5780053492420096,2.739235294117647,37.15722828289042,19.28884605185782,43.55392448021378
2006,2,24686869.333333332,12526310.666666666,12160558.666666666,26.74133333333333,10.935666666666668,9432327075.495943,2.197,27.117,45.6935049138709,55.67754530008832,6.852655419864273,1.387907422720672,3.0896666666666666,62.92723251129767,12.973728675487664,24.099040320948102
2007,0,79573448.375,40254346.75,39319101.625,11.4,8.1125,3556691066326.6025,5.1027499999999995,84.597875,51.68640283418542,47.22664404428216,3.104341818060299,1.4635777569523039,1.6811250000000002,2.2938898413203828,24.090333053551987,73.61577774541468
2007,1,223740385.3529412,110203637.23529412,113536748.11764705,21.353823529411763,7.296235294117647,590019977897.5747,5.950705882352942,50.24852941176471,36.78196294861499,33.406643506934024,8.127200351786158,2.439686993430391,2.7118823529411764,36.36219476185702,19.48943309597091,44.14837049287637
2007,2,24923623.666666668,12644782.0,12278841.666666666,26.76533333333333,10.769666666666666,11867448013.483168,2.3116666666666665,27.15833333333333,45.12465905821017,54.48090620883938,6.245522168686846,1.414590100986537,3.0716666666666668,61.92975429235897,13.221219437622551,24.849030931264934
2008,0,80112946.5,40514158.125,39598788.375,11.425,8.1375,3721554726944.632,5.146,84.860125,54.4523087580672,51.60577762076575,0.6973603041130985,1.6342318656106727,1.69825,2.1384896324927234,23.869020327368712,73.9924902354755
2008,1,226125906.47058824,111390889.94117647,114735016.52941176,21.06658823529412,7.21835294117647,706453616022.9893,5.972235294117647,50.68294117647059,36.474905854837864,35.558312379861555,4.816337331815298,2.5007783344394454,2.6846470588235296,35.75439273532999,19.670057321662604,44.57554617685952
2008,2,25134473.666666668,12748526.666666666,12385947.0,26.733666666666668,11.390333333333333,16150853633.672998,2.295,27.212666666666667,46.565883762478336,60.38708804282624,0.020908376395169626,1.400339359681148,3.057,61.07260701306013,13.521253003984162,25.4061461035311
2009,0,80603687.0,40757587.0,39846100.0,11.175,8.025,3560044705738.7715,7.015375000000001,85.109,46.88071579991489,43.3783179589335,-3.038063870326504,1.3091727887230546,1.667875,2.1207672279191083,22.42589914583455,75.45333362624633
2009,1,228532315.29411766,112587684.64705883,115944630.64705883,20.822705882352942,7.149647058823529,706342001159.2822,6.412529411764705,51.119882352941175,32.20587113718146,32.08129106870917,3.372730386655679,2.5384567533051854,2.6509411764705884,34.982951831913404,19.691265439149568,45.32578759162333
2009,2,25360019.666666668,12860869.666666666,12499150.0,26.882,10.041333333333332,19691625283.5168,2.249,27.334333333333333,34.046836641760244,47.62321480631268,8.881449192342052,1.8235914986142177,3.0690000000000004,60.79911898244077,13.634634898736627,25.566254699005032
2010,0,81075313.125,40993097.0,40082216.125,11.0375,8.086875000000001,3761251860478.94,6.87,85.34575,49.14415693960473,45.18793879667151,4.323328318230726,1.0736019836359163,1.653625,2.075178351741933,21.928129209548676,75.99669679601656
2010,1,230937523.6470588,113780093.1764706,117157430.47058824,20.617588235294118,7.116941176470588,869853441094.4257,5.872470588235294,51.56264705882353,32.55720058426286,31.89773454365163,7.438890200854935,2.468362703354761,2.617588235294118,34.16200446731724,20.042593398896084,45.79540216310368
2010,2,25627218.666666668,12998343.333333334,12628875.333333334,26.711333333333332,9.538666666666666,25130380610.18433,2.315,27.458333333333332,38.773151650693805,52.58230121272488,12.05447293427799,1.9459269849417467,3.0483333333333333,58.615490707764565,13.91132978359829,27.47318360506433
2011,0,81297972.375,41083842.125,40214130.25,10.85,8.109125,4017140363998.994,6.5017499999999995,85.512,51.36031051510137,47.198637783347124,2.4443200140140964,0.7410309118420395,1.6363124999999998,1.9678172517066974,21.81729751079405,76.21488552535551
2011,1,233405196.17647058,115003370.1764706,118401826.0,20.475176470588234,7.0858823529411765,1042421436481.3649,5.923705882352941,51.98511764705882,31.259920872078812,33.31692515446245,1.8119121610210072,2.1948051925027507,2.586764705882353,33.71907063532701,20.243768526346233,46.037143353909975
2011,2,25912609.333333332,13145657.333333334,12766952.0,26.55933333333333,8.943333333333333,30037289469.9391,2.231666666666667,27.584333333333333,40.391331903001,53.008934591027945,9.166115924076943,2.00175496224072,3.0363333333333333,58.59371658395764,14.033218675151057,27.373057815654267
2012,0,81747946.125,41274501.125,40473445.0,10.9,8.17525,4103637931078.0664,6.273,85.619375,50.62410629897579,47.12768279458941,1.96869876152403,1.0176518363270015,1.6488125,1.9672499132995762,21.705963860425175,76.32678511427972
2012,1,236003915.47058824,116291272.76470588,119712642.70588236,20.27870588235294,7.0243529411764705,1115983515755.4646,5.725470588235294,52.40088235294118,31.994045892634023,32.98631481358488,10.576618019555955,2.1867377161005104,2.5706470588235293,33.04642283052422,20.826858398540875,46.126716803646254
2012,2,26200139.333333332,13296052.666666666,12904086.666666666,26.286666666666665,8.525666666666666,31626394416.0058,2.108,27.712333333333333,38.30009105509681,52.315420841308246,10.242601368694237,1.9544669522130134,3.0113333333333334,57.30493527289266,14.303832880900714,28.3912358434573
2013,0,82187755.0,41460352.5,40727402.5,10.5875,8.239374999999999,4095234887997.35,6.0603750000000005,85.722375,50.200367638605236,47.00489681663425,2.180923471923469,0.9106154184632457,1.6078125,1.8830880548841396,21.4752427801671,76.64166633173548
2013,1,238587427.3529412,117574386.94117647,121013040.41176471,19.954529411764703,6.987176470588235,1193438443383.7974,5.796235294117647,52.81458823529412,31.277601294424926,33.273247416344525,3.2052929582978673,2.380188012236084,2.5391176470588235,32.13141994885525,21.096685862139314,46.77189444902478
2013,2,26482224.666666668,13442142.0,13040082.666666666,25.951333333333334,8.134333333333332,33055962702.563965,2.052,27.842000000000002,38.35344709999374,49.80915767052175,6.493410555768324,1.8780878657100175,2.98,56.28366915969641,14.584503312500596,29.131827527803
2014,0,82658759.75,41667819.125,40990940.625,10.6625,8.192125,4184669094659.3896,5.608125,85.8215,50.09976172468931,46.625738634255995,2.358306566105277,0.8747550068297756,1.6173125,1.8951191119208757,21.26761309511074,76.83727041417283
2014,1,241088020.7647059,118822675.05882353,122265345.70588236,19.71041176470588,6.995294117647059,1245759009979.189,5.734529411764705,53.23023529411765,29.305330076309815,32.40438983207906,2.6458152322151016,2.3366299607855865,2.5095882352941175,31.191073335197483,21.307273504339193,47.50165304237988
2014,2,26761921.666666668,13584164.333333334,13177757.333333334,25.433666666666667,7.894333333333333,35689452589.1917,2.0763333333333334,27.984333333333336,38.00390361061714,48.686193554310414,5.8849236078042635,1.8847067740823016,2.9303333333333335,55.18920101498224,15.89336628937532,28.917432695642464
2015,0,83177725.25,41891415.0,41286310.25,10.6,8.405,4076123987489.5527,5.23275,85.9205,48.30166495061806,44.265975565450034,2.0378924445334112,0.9154056523417486,1.6196875,1.8533690079838665,20.969314461587402,77.17731653042874
2015,1,243471993.47058824,120020678.35294117,123451315.11764705,19.285882352941176,7.003058823529412,1196513512644.882,5.914941176470588,53.64764705882353,27.79821539031578,31.512740733536848,4.04377146202669,2.2300723233448165,2.4675882352941176,30.491287805929726,21.226103211585972,48.282587189926176
2015,2,27037106.666666668,13724137.333333334,13312969.333333334,24.901666666666667,7.752333333333333,34581527125.55607,2.1786666666666665,28.143666666666665,37.19780432821617,49.40292082774244,5.407841670491693,1.9006368678249226,2.8823333333333334,53.546493371676696,16.528884039428576,29.924622588894735
2016,0,83718127.5,42129566.125,41588561.375,10.6375,8.399125,4175193599987.6133,4.97375,86.02137499999999,45.96409606167822,42.09352554164113,2.156165631631837,0.996284982459759,1.6228125,1.838739983540341,20.557142237415512,77.60412163599625
2016,1,245837084.47058824,121212679.1764706,124624405.29411764,18.816176470588236,6.999529411764706,1218638533311.6985,6.0649411764705885,54.06729411764706,26.13104196985477,29.248249663563016,4.029872311536995,2.166107098759873,2.411764705882353,29.793283573078963,21.255592109124255,48.9511213358596
2016,2,27316264.333333332,13865976.333333334,13450288.0,24.455,7.657666666666667,36801195083.190865,2.5533333333333332,28.320000000000004,37.60912871826917,47.34665387962465,4.889643157596395,1.9573272843360299,2.844,51.61905945933113,16.828672129988842,31.552276311702233
2017,0,84165610.625,42335059.875,41830550.75,10.3375,8.52975,4329486968273.0,4.682625,86.126,47.86048181212252,43.48816874185911,2.798539216219816,0.7717110840905711,1.5883125,1.742599185457281,20.474021487709,77.7833805294917
2017,1,248212358.7647059,122409043.47058824,125803315.29411764,18.27464705882353,6.975411764705882,1350446152477.2808,6.0914117647058825,54.4915294117647,27.85205508600378,29.894156064148635,6.0359068196207355,2.1719408212463236,2.359529411764706,29.016180139917424,21.417297615295652,49.56650498202278
2017,2,27593597.333333332,14006870.0,13586727.333333334,23.997666666666664,7.616333333333333,48827788968.7212,2.6136666666666666,28.513,33.17352911236024,39.93458303594155,6.097137100764456,1.9852812065764198,2.8043333333333336,51.42651874062796,16.82225942093834,31.75121915876993
2018,0,84560439.375,42514257.625,42046181.75,10.2,8.60975,4563258755054.13,4.2185,86.234875,49.277865855509255,44.934496111353766,2.141260535966355,0.7795371205922061,1.5649375,1.7391145417643121,20.494053163264127,77.76683768144822
2018,1,250404128.47058824,123515451.47058824,126888677.0,17.851411764705883,6.992235294117647,1458577955241.64,5.932764705882353,54.91952941176471,29.50586112129673,31.44987130056915,4.782787563970591,2.1245672454356295,2.3095882352941177,28.22498915333308,21.623002550870343,50.15200890320776
2018,2,27860407.0,14142677.666666666,13717729.333333334,23.582666666666665,7.489333333333334,45054159358.82456,2.5633333333333335,28.725333333333335,39.36246245743367,45.28143532818685,6.684984253419198,1.9908360805017968,2.769,50.447607781057464,17.405360650470133,32.1470301829391
2019,0,84920444.25,42676062.5,42244381.75,9.975,8.599625,4665667901701.278,3.9703749999999998,86.348125,49.379609873707274,44.69472408602089,1.4913076631767193,0.8278423007400147,1.525375,1.7065704566899427,20.1237130559558,78.16972024439684
2019,1,252447842.29411766,124550653.88235295,127897188.41176471,17.40135294117647,6.998529411764706,1505804398318.1204,5.681294117647059,55.35058823529412,28.71254771255218,30.37876314790028,3.188222224581434,2.0602314515041558,2.2569411764705882,27.427022409204497,21.90260287886555,50.670374501775015
2019,2,28131128.333333332,14280418.333333334,13850710.0,23.153666666666666,7.560666666666666,45822624159.2859,2.633,28.95566666666667,39.81768042097811,44.34112211005415,2.7278712655019532,2.06257011975045,2.7336666666666667,50.67422513334776,17.436556926469468,31.889224173536633
2020,0,85403141.875,42911181.375,42491960.5,9.625,9.04625,4591978901798.024,5.633375,86.465125,48.06668944011905,42.94895396546426,-3.938741687772133,0.5663966035805421,1.4790625,1.7134548070139715,20.168742154140777,78.11780812015526
2020,1,254294219.11764705,125498916.23529412,128795302.88235295,16.99235294117647,7.571941176470589,1471579062107.3875,6.678,55.784705882352945,25.016566237279303,28.25461143439186,-4.626565115538392,1.9603345532764915,2.211235294117647,27.529880846295836,21.74256286488439,50.727556090814225
2020,2,28422961.333333332,14428820.0,13994141.333333334,22.740333333333336,7.726333333333334,46897374663.11944,3.423,29.205,39.55562593346257,43.898550505283445,-6.807006586908524,2.2169571576125064,2.6999999999999997,47.36964054279503,18.66449540663847,33.9658577762256
